_id,orden,localizacion_codigo_postal,titulo,seo_url,created,contenido,resumen,archivo,localizacion_pais,longitude,localizacion_identrada,fecha_finalizacion,id,localizacion_municipio,localizacion_direccion,localizacion_latitud_utm,fecha_publicacion,latitude,localizacion_longitud_utm,modified,extra_url
1,7,15705,Museo de Historia Natural Luís Iglesias,museo-de-historia-natural-luis-iglesias,2015-02-18T14:37:37,"<p><strong>Obra: Museo de Historia Natural Lu&iacute;s Iglesias.</strong><br /><strong>Arquitectos: C&eacute;sar Portela.</strong><br /><strong>Fecha: 2009-2011</strong><br /><strong>Situaci&oacute;n: Finca Sime&oacute;n. </strong><br /><strong>Visitas: http://www.usc.es/gl/servizos/museohn</strong><br /><br />A antiga colecci&oacute;n do <a href=""http://www.santiagoturismo.com/museos/museo-de-historia-natural-1"" target=""_blank"">Museo de Historia Natural da Universidade de Compostela</a>, iniciada en 1840, al&oacute;xase nun novo edificio, dese&ntilde;ado por C&eacute;sar Portela, situado un extremo do parque de Vista Alegre, delimitado polo r&iacute;o Sarela. <br /><br />O edificio, de traza lonxitudinal e baixa altura, estrutura os seus espazos expositivos de acordo coas catro principais secci&oacute;ns do museo, que se dedican&nbsp; &aacute; zoolox&iacute;a, bot&aacute;nica, xeolox&iacute;a e &aacute; antiga colecci&oacute;n de dioramas, restaurados para a s&uacute;a nova instalaci&oacute;n. <br /><br />O volume do museo conc&iacute;bese como un agrupamento de cubos que, no seu conxunto, se percibe como un artefacto en movemento, ao irse aproximando ou separando entre si. <br /><br />Toda a pel exterior do edificio de madeira, o que facilita a s&uacute;a integraci&oacute;n na paisaxe arborada do parque, e aporta ao edificio un significado de lixeireza e transitoriedade. As superficies de vidro modulan a entrada de luz por medio de lamas horizontais de madeira, que, ademais de control da luz, desdebuxan os amplos ocos na continuidade do material que cobre as fachadas. A sensaci&oacute;n de lixeireza que ofrece o museo acent&uacute;ase coa soluci&oacute;n do contacto do edificio co terreo, levemente separado do mesmo, como se flotase sobre o c&eacute;spede do parque.<br /><br />O espazo interior, de tons neutros e materiais moi livi&aacute;ns visualmente, dese&ntilde;ouse para albergar as antigas colecci&oacute;n do museo, &aacute;s que se sumar&aacute;n as novas, coa suficiente flexibilidade para non condicionar a evoluci&oacute;n futura dos seus contidos.</p>",<p><strong>Arquitectos: C&eacute;sar Portela.</strong><br /><strong>Fecha: 2009-2011</strong><br /><strong>Situaci&oacute;n: Finca Sime&oacute;n.</strong></p>,20150218143923_MuseoLuisIglesias4.jpg,España,-8.54495108, , ,59881,Santiago de Compostela,Parque Vista alegre,4763203.53825545,2015-02-18T14:31:00,42.88623023,47133.86382937,2018-06-21T11:35:00,http://www.santiagoturismo.com/arquitecturas-de-autor/museo-de-historia-natural-luis-iglesias
2,8,15704,Museo das Peregrinacións e de Santiago,museo-de-las-peregrinaciones-y-de-santiago,2015-02-23T14:50:28,"<p><strong>Obra: Museo da Cidade e das Peregrinaci&oacute;ns.</strong><br /><strong>Arquitectos: Manuel Gallego Jorreto.</strong><br /><strong>Fecha: 2004-2012</strong><br /><strong>Situaci&oacute;n: Praza das Prater&iacute;as</strong><br /><strong><a href=""http://www.santiagoturismo.com/museos/museo-da-cidade-e-das-peregrinacions"" target=""_blank"">Visitas</a>&nbsp; </strong>&nbsp; <br /><br />En plena posguerra, as autoridades franquistas promoveron a sede do Banco de Espa&ntilde;a en Santiago de Compostela. Romualdo Madariaga foi o autor do proxecto, que se constru&iacute;u entre 1940 e 1945. O seu emprazamento excepcional, na praza das Prater&iacute;as, conforma un escenario urbano que, xunto con este edificio, debuxan a fachada barroca da <a href=""http://www.santiagoturismo.com/monumentos/casa-do-cabido-2"" target=""_blank"">Casa do Cabido</a>, a portada do brazo sur da <a href=""http://www.santiagoturismo.com/catedral-de-santiago"" target=""_blank"">Catedral</a>, elevada sobre unha escalinata, e a fachada renacentista que pecha lateralmente o seu claustro. Madariaga de C&eacute;spedes realizou unha interpretaci&oacute;n mim&eacute;tica, a trav&eacute;s dun severo neobarroco de volume compacto, coa planta baixa porticada no seu fronte &aacute; praza. O emprego de canter&iacute;a de granito dun ton similar ao dos edificios hist&oacute;ricos e un repertorio decorativo con formas do barroco local, contribu&iacute;ron a esta intenci&oacute;n de dilu&iacute;r a presenza do s&eacute;culo XX en Prater&iacute;as.<br /><br />O proxecto para transformar a antiga sede bancaria no novo <a href=""http://www.santiagoturismo.com/museos/museo-das-peregrinacions"" target=""_blank"">Museo da Cidade e das Peregrinaci&oacute;ns</a>, dese&ntilde;ado por Manuel Gallego Jorreto, atopou fortes condicionantes, entre eles o de preservar a fachada. A oportunidade e o reto arquitect&oacute;nico que supor&iacute;a o dese&ntilde;o dunha peza contempor&aacute;nea nun contorno monumental de tal valor xerou un intenso debate cidad&aacute;n e arquitect&oacute;nico. O propio arquitecto responsable do proxecto ofreceu un argumento de peso para manter a presenza do edificio de Madariaga, ao referirse &aacute; memoria colectiva dos compostel&aacute;ns, que ao longo de m&aacute;is de seis d&eacute;cadas, converteu en parte fundamental da paisaxe urbana unha arquitectura cuxo valor &eacute; moi inferior ao das pezas veci&ntilde;as.<br /><br />A aparici&oacute;n de restos arqueol&oacute;xicos na escavaci&oacute;n dos sotos retrasou as obras e resolveuse coa creaci&oacute;n dunha &aacute;rea expositiva que non estaba inicialmente prevista. Unha gran superficie de vidro en forma de galer&iacute;a abre o pechado espazo interior cara &aacute; <a href=""http://www.santiagoturismo.com/monumentos/casa-da-conga-1"" target=""_blank"">Conga </a> e, sobre todo, un gran lucernario en cuberta e unha serie de baleiros interiores, permiten a relaci&oacute;n visual desde o interior do edificio cunha dram&aacute;tica perspectiva da mole da torre catedralicia da Berenguela.&nbsp; <br /><br /><br /><br /><br /><br /><br /></p>",<p><strong>Arquitectos: Manuel Gallego Jorreto.</strong><br /><strong>Data: 2004-2011</strong><br /><strong>Situaci&oacute;n: Praza das Prater&iacute;as</strong></p>,2015/03/Master33033.jpg,España,-8.54412702, , ,59956,Santiago de Compostela,Praza de Praterías,4762502.61580102,2015-02-23T14:45:00,42.87996063,47155.17571118,2020-06-25T11:00:00,http://www.santiagoturismo.com/arquitecturas-de-autor/museo-de-las-peregrinaciones-y-de-santiago
3,9999,15707,Palacio de Congresos e Exposicións de Galicia,464,2010-03-04T12:42:00,"<p>Arquitectos: Alberto Noguerol y Pilar D&iacute;ez.<br />Data: 1991-1995 <br />Zona: coroa exterior<br /><br />Cando se proxectou&nbsp;o Pazo de Congresos e Exposici&oacute;ns de Galicia, o seu emprazamento era unha zona da beira da cidade, con grandes &aacute;reas baleiras, cuxo conxunto presentaba un certo desorden. Este grande edificio sit&uacute;ase no terreo d&aacute;ndolle as costas &aacute; v&iacute;a de acceso e abrindo o seu p&oacute;rtico cara o interior do recinto no que se sit&uacute;a. Esta disposici&oacute;n &eacute; s&oacute; unha das sut&iacute;s e intelixentes ambig&uuml;idades que este edificio ofrece ao espectador.&nbsp;A s&uacute;a contundencia formal&nbsp;e a s&uacute;a claridade funcional revelan ao observador atento todo un rico mundo de segundas lecturas. <br /><br />O&nbsp;edificio conc&iacute;bese como un grande prisma baixo, pechado por grandes pezas de formig&oacute;n prefabricado, situando no seu centro dous grandes auditorios, de escenarios enfrontados, que se aloxan nun segundo prisma, forrado en pedra. Este volume sobresae por riba da envolvente exterior caracterizando a silueta do edificio. Arredor de este volume, contido dentro do per&iacute;metro exterior do edificio, x&eacute;rase un grande baleiro, que funciona como ambig&uacute; dos auditorios. Todas as salas de reuni&oacute;ns de menor tama&ntilde;o, a cafetar&iacute;a&nbsp;e diversos despachos, sit&uacute;anse nos laterais maiores do rect&aacute;ngulo da planta. <br /><br />Os elementos interiores des&eacute;&ntilde;anse con contundencia&nbsp;e elegancia, empregando exclusivamente&nbsp;a cor natural dos diferentes materiais: pedra listada, metal, madeira, etc.</p>",<p>Arquitectos: Alberto Noguerol y Pilar D&iacute;ez.<br />Data: 1991-1995&nbsp;<br />Zona: coroa exterior</p>,2020/03/20200327121852_20180205123056ExteriorPalaciodeCongresos1.jpg,España,-8.51300953, , ,464,Santiago de Compostela,Rúa de Miguel Ferro Caaveiro ,4762848.36044343,2010-03-04T12:07:00,42.88458032,49731.13829197,2020-03-27T12:19:00,http://www.santiagoturismo.com/arquitecturas-de-autor/464
4,0,15705,Sargadelos,sargadelos,2010-03-04T12:42:00,"<p>Galer&iacute;a inaugurada en 1978 cunha exposici&oacute;n monogr&aacute;fica sobre o Seminario de Estudios Galegos. Mant&eacute;n dende ent&oacute;n unha actividade  continua na realizaci&oacute;n de exposici&oacute;ns e actos culturais, como conferencias, recitais, contacontos, presentaci&oacute;ns de  libros e outras actividades de difusi&oacute;n da cultura galega. Artellada como unha galer&iacute;a de promoci&oacute;n de novos talentos das artes e letras galegas, amosa ademais o valor da tradici&oacute;n creadora  de Galicia en colecci&oacute;ns de cer&aacute;micas de Sargadelos. Este tipo de cer&aacute;mica, unha iniciativa industrial nada a principios do s&eacute;culo XIX nas terras de Cervo (Lugo), pres&eacute;ntase nun ampl&iacute;simo  cat&aacute;logo de formas,  motivos, relevos e cores exclusivos, dende vaixelas ata figuras  ornamentais e xoias de dese&ntilde;o orixinal.</p> <p>Consulta tam&eacute;n a secci&oacute;n ""Espazos e programadores culturais"" <a href=""http://www.santiagoturismo.com/programadores-culturais/galeria-sargadelos"">aqu&iacute;</a></p>", ,Sargadelos05.jpg,España,-8.54350051, , ,477,Santiago de Compostela,Rúa Nova 16,4762413.28221740,2010-03-04T12:07:00,42.87918689,47200.68416969,2016-11-08T08:44:00,http://www.santiagoturismo.com/galerias-de-arte/sargadelos
5,0,15704,Noroeste,noroeste,2010-08-10T12:05:00,"<p>En Noroeste, a creatividade e o bo facer conx&uacute;ganse para ofrecer ao visitante xoias, sedas, obxectos de uso persoal e outros complementos. Pequenas obras de arte para usar e para gozar. Pezas que pola s&uacute;a singularidade, o seu depurado dese&ntilde;o e a s&uacute;a coidada manufactura artesanal seguen a ga&ntilde;ar valor co paso do tempo.</p> <p>Noroeste &eacute; un espazo dedicado &aacute; xoiar&iacute;a de autor. Unha xoiar&iacute;a creativa coidadosamente elaborada mediante procedementos artesanais, que reflicte a singularidade dos seus art&iacute;fices e se mergulla nas correntes est&eacute;ticas do noso tempo. Un espazo para todos os que senten alg&uacute;n interese pola xoiar&iacute;a. Pero tam&eacute;n para aqueles aos que ata agora nunca lles gustaron as xoias.<br /><br />Noroeste &eacute; o lugar onde encontrar as obras que deron nome aos nosos dese&ntilde;adores. Onde descubrir os primeiros pasos dos novos valores, onde co&ntilde;ecer o que se est&aacute; a facer aqu&iacute; e agora no campo da xoiar&iacute;a de creaci&oacute;n, pero tam&eacute;n o que fixeron autores doutros lugares e doutros tempos. Porque Noroeste abriga a audaz intenci&oacute;n de somerxer a quen o visita no universo m&aacute;xico da forma, de contaxiar a todos o entusiasmo da xente que se empe&ntilde;a cada d&iacute;a en reinventar unha arte tan vella como o home.</p>", ,GaleriaNoroeste.jpg,España,-8.54107148, , ,31785,Santiago de Compostela,"Rúa Travesa, 5 baixo",4762651.91234077,2010-08-10T12:02:00,42.88145297,47415.75363099,2015-03-10T14:20:00,http://www.santiagoturismo.com/galerias-de-arte/noroeste
6,0,15701,El Taller,el-taller,2013-07-01T18:54:09,"<p>El taller &eacute; unha galer&iacute;a de arte con vocaci&oacute;n de aula. Creado baixo a premisa de que se goza m&aacute;is o que se entende, quere ofrecer aos seus clientes a oportunidade de adquirir os co&ntilde;ecementos necesarios sobre diferentes disciplinas art&iacute;sticas, creativas, culturais e cient&iacute;ficas, para comprender o que hai detr&aacute;s de cada creaci&oacute;n: formaci&oacute;n, inspiraci&oacute;n e traballo.<br /><br /><br /></p>","<p>El taller &eacute; unha galer&iacute;a de arte con vocaci&oacute;n de aula. Creado baixo a  premisa de que se goza m&aacute;is o que se entende, quere ofrecer aos seus  clientes a oportunidade de adquirir os co&ntilde;ecementos necesarios sobre  diferentes disciplinas art&iacute;sticas, creativas, culturais e cient&iacute;ficas,  para comprender o que hai detr&aacute;s de cada creaci&oacute;n: formaci&oacute;n,  inspiraci&oacute;n e traballo.</p>",GaleriaTaller.jpg,España,-8.55076200, , ,52051,Santiago de Compostela,"Avenida de Rosalía de Castro, 34",4761997.15207511,2013-07-01T14:21:00,42.87508800,46577.31144870,2016-01-24T00:09:00,http://www.santiagoturismo.com/galerias-de-arte/el-taller
7,0,15704,Mareiras Espacio de Arte,mareiras-spacio-de-arte,2013-07-21T16:59:29,"<p>Espazo de intercambio, aprendizaxe e creaci&oacute;n, dispo&ntilde;ible para todas aquelas persoas que desexen achegarse ao mundo da arte e vivir na s&uacute;a propia pel un proceso creativo.</p>", ,MareirasEspacioArte.jpg,España,-8.54235441, , ,52311,Santiago de Compostela,Rúa do Preguntoiro 9,4762580.75776083,2013-07-21T16:51:00,42.88075015,47305.78702422,2016-01-23T23:34:00,http://www.santiagoturismo.com/galerias-de-arte/mareiras-spacio-de-arte
8,0,15703,Aire Centro de Arte,aire-centro-de-arte,2014-03-28T17:13:33,"<p>Aire Centro de Arte &eacute; un espazo para crear e crecer, con obradoiros   m&uacute;ltiples de artes pl&aacute;sticas, co&ntilde;ecemento emocional e sensorial, nos que   alimentaredes o voso esp&iacute;rito e o dos m&aacute;is pequenos. Exposici&oacute;ns mensuais de artistas contempor&aacute;neos.<br /><br />Situado no casco hist&oacute;rico, est&aacute; aberto a todo tipo de propostas e docencias que abran as vosas &aacute;s.<br /><br />Direcci&oacute;n e docencia en mans de artistas, psic&oacute;logos, m&uacute;sicos e profesionais de nivel internacional.</p>","<p>Aire Centro de Arte &eacute; un espazo para crear e crecer, con obradoiros   m&uacute;ltiples de artes pl&aacute;sticas, co&ntilde;ecemento emocional e sensorial, nos que   alimentaredes o voso esp&iacute;rito e o dos m&aacute;is pequenos. Exposici&oacute;ns mensuais de artistas contempor&aacute;neos.</p>",20140328171333_AireCentroArte.jpg,España,-8.54288717, , ,56852,Santiago de Compostela,"Rúa da Caldeirería, 50",4762350.03458796,2014-03-28T17:07:00,42.87864733,47246.83586249,2015-10-07T00:32:00,http://www.santiagoturismo.com/galerias-de-arte/aire-centro-de-arte
9,0,15704,Espacio de Arte Campus Stellae,espacio-de-arte-campus-stellae,2015-03-11T10:41:03,"<p>Situado no centro hist&oacute;rico de Santiago de Compostela, o Espazo de Arte Campus Stellae mostra colecci&oacute;ns nacionais e internacionais promovendo as diversas disciplinas art&iacute;sticas. O espazo est&aacute; vinculado ao Instituto Europeo Campus Stellae, que &eacute; pioneiro na formaci&oacute;n de postgrao online e presencial dende hai vinte anos, e conta con alumnos en m&aacute;is de 60 pa&iacute;ses.</p>", ,2015/03/CampusStellaeSalaExposiciones1241.JPG,España,-8.54365510, , ,60521,Santiago de Compostela,Praza da Quintana de Vivos 3,4762598.87399020,2015-03-11T10:29:00,42.88085006,47200.25668086,2016-01-23T23:08:00,http://www.santiagoturismo.com/galerias-de-arte/espacio-de-arte-campus-stellae
10,0,15703,Galería de Arte Luisa Pita,galeria-de-arte-luisa-pita,2016-11-09T11:54:35,"<p style=""text-align: justify;"">O novo proxecto da 'Galer&iacute;a de Arte Luisa Pita', nace como unha continuidade da actividade que a Galer&iacute;a Bus Station Space, fundada e dirixida por Luisa Pita, vi&ntilde;a desenvolvendo en Santiago de Compostela desde o ano 2012.</p> <p style=""text-align: justify;"">Enfocado agora desde a experiencia adquirida como un proxecto cultural m&aacute;is ambicioso, cun significado propio e persoal, nun novo espazo expositivo e como punto de encontro para a arte entre artistas de reco&ntilde;ecido prestixio e outros emerxentes.</p>","<p style=""text-align: justify;""><span>O novo proxecto da 'Galer&iacute;a de Arte Luisa Pita', nace como unha continuidade da actividade que a Galer&iacute;a Bus Station Space, fundada e dirixida por Luisa Pita, vi&ntilde;a desenvolvendo en Santiago de Compostela desde o ano 2012.</span></p>",2020/07/luisapita.jpg,España,-8.54283302, , ,67778,Santiago de Compostela,"Rúa do Cardeal Payá, 9",4762286.83129722,2016-11-09T11:49:00,42.87808101,47247.10567147,2020-07-15T17:26:00,http://www.santiagoturismo.com/galerias-de-arte/galeria-de-arte-luisa-pita
11,0,15704,Galería Nordés,nordes,2010-03-04T12:42:00,"<p>A Galer&iacute;a Nord&eacute;s, inaugurada en decembro de 2017, &eacute; a m&aacute;is nova do panorama art&iacute;stico da cidade. Espazo dedicado &aacute; arte contempor&aacute;nea nas s&uacute;as m&uacute;ltiples manifestaci&oacute;ns, busca xerar un entorno apropiado para diversos proxectos art&iacute;sticos, prestando especial atenci&oacute;n aos novos creadores e establecendo relaci&oacute;ns de colaboraci&oacute;n con outros profesionais do sector, para trascender as&iacute; os propios l&iacute;mites f&iacute;sicos do espazo da galer&iacute;a.</p>","<p>A Galer&iacute;a Nord&eacute;s, inaugurada en decembro de 2017, &eacute; a m&aacute;is nova do panorama art&iacute;stico da cidade. Espazo dedicado &aacute; arte contempor&aacute;nea nas s&uacute;as m&uacute;ltiples manifestaci&oacute;ns, busca xerar un entorno apropiado para diversos proxectos art&iacute;sticos, prestando especial atenci&oacute;n aos novos creadores e establecendo relaci&oacute;ns de colaboraci&oacute;n con outros profesionais do sector, para trascender as&iacute; os propios l&iacute;mites f&iacute;sicos do espazo da galer&iacute;a.</p>",2018/01/NordesPabloBarreiro22.jpeg,España,-8.54168130, , ,479,Santiago de Compostela,"Rúa da Algalia de Abaixo, 39",4762805.61744402,2010-03-04T12:07:00,42.88280700,47375.86451088,2018-02-15T11:24:00,http://www.santiagoturismo.com/galerias-de-arte/nordes
12,0,15706,Durán Cuadros,483,2010-03-04T12:42:00,<p>Galer&iacute;a de arte especializada en pintura galega.</p>, ,2015/03/Duran.jpg,España,-8.54910700, , ,483,Santiago de Compostela,"Rúa de Montero Ríos, 18",4762024.29322097,2010-03-04T12:07:00,42.87541280,46714.91890959,2015-03-10T14:29:00,http://www.santiagoturismo.com/galerias-de-arte/483
13,9999,15703,Trinta,trinta,2010-03-04T12:42:00,"<p>A Galer&iacute;a Trinta existe dende 1985. Dende os seus inicios orientou a s&uacute;a actividade &aacute; exhibici&oacute;n e promoci&oacute;n dos artistas m&aacute;is comprometidos coa linguaxe pl&aacute;stica do seu tempo. Santiago de Compostela &eacute; a cidade que acolleu as s&uacute;as exposici&oacute;ns nas que as m&aacute;is diversas manifestaci&oacute;ns pl&aacute;sticas tiveron cabida.</p> <p>Artistas como Ignacio Basallo, Eva Lootz, Jos&eacute; Freixanes, Thomas Jocher, Manolo Paz, Florentino D&iacute;az, Jorge Barbi, Perejaume, Berta C&aacute;ccamo, Elena Blasco, Vari Caram&eacute;s, Alberto Garc&iacute;a-Alix, Xes&uacute;s V&aacute;zquez, Miquel Mont, Pamen Pereira, Carlos Pazos, Alicia Mart&iacute;n, Antonio Murado... entre outros, fixeron do espazo da galer&iacute;a o seu lugar de traballo para amosar ao p&uacute;blico o mellor dos seus talleres.</p> <p>&nbsp;</p>", ,trinta1.JPG,España,-8.54085167, , ,475,Santiago de Compostela,Rúa da Virxe da Cerca 24,4762446.74334370,2010-03-04T12:07:00,42.87961673,47420.24584612,2015-03-10T14:32:00,http://www.santiagoturismo.com/galerias-de-arte/trinta
14,9999,15704,Paloma Pintos,paloma-pintos,2010-03-04T12:42:00,<p>A Galer&iacute;a Paloma Pintos realiza exposici&oacute;ns de diversos &aacute;mbitos art&iacute;sticos e culturais en Santiago de Compostela.</p>, ,expopalomapintos4.jpg,España,-8.54267896, , ,481,Santiago de Compostela,Rúa de Xelmírez 25,4762462.58950771,2010-03-04T12:07:00,42.87967065,47271.35324899,2015-03-11T15:12:00,http://www.santiagoturismo.com/galerias-de-arte/paloma-pintos
15,9999,15705,Galería de Arte Contemporáneo José Lorenzo,jose-lorenzo-de-arte-contemporaneo,2010-03-04T12:42:00,"<p>A Galer&iacute;a de Arte Contempor&aacute;neo Jos&eacute; Lorenzo naceu en 2005 na praza  do Toural como extensi&oacute;n da galer&iacute;a do mesmo nome, despois de once  anos de traxectoria profesional, como demanda de clientes e artistas.  Disp&oacute;n dun amplo espazo expositivo dividido en tres &aacute;reas: un &aacute;rea  dedicada a exposici&oacute;ns temporais, un fondo de galer&iacute;a dedicado a  pintura do s&eacute;culo XX e un xard&iacute;n no que se realizan exposici&oacute;ns de  escultores contempor&aacute;neos de marcado prestixio. Centra o seu interees na  promoci&oacute;n e difusi&oacute;n da arte contempor&aacute;nea, as&iacute; como na divulgaci&oacute;n  da obra de mestres modernos. Colabora con diferentes galer&iacute;as e  instituci&oacute;ns p&uacute;blicas e privadas.</p>", ,galeriainterior.jpg,España,-8.54501697, , ,486,Santiago de Compostela,"Praza do Toural, 9, 1º",4762223.62182915,2010-03-04T12:07:00,42.87740592,47063.72012139,2020-05-25T12:40:00,http://www.santiagoturismo.com/galerias-de-arte/jose-lorenzo-de-arte-contemporaneo
16,9999,15701,Metro Arte Contemporáneo,metro-arte-contemporaneo,2010-03-04T12:42:00,"<p>Tras 10 anos na emblem&aacute;tica&nbsp; Praza da Quintana de Santiago de  Compostela, a Galer&iacute;a Metro comeza unha nova etapa en 2018 na R&uacute;a&nbsp;  Xeneral Pardi&ntilde;as do Ensanche compostel&aacute;n, coa intenci&oacute;n de ocupar un  baleiro nesta importante zona residencial e comercial da cidade,  ofrecendo unha programaci&oacute;n de calidade que dar&aacute; cabida &aacute; arte m&aacute;is  actual.</p>","<p>Tras 10 anos na emblem&aacute;tica&nbsp; Praza da Quintana de Santiago de Compostela, a Galer&iacute;a Metro comeza unha nova etapa en 2018 na R&uacute;a&nbsp; Xeneral Pardi&ntilde;as do Ensanche compostel&aacute;n, coa intenci&oacute;n de ocupar un baleiro nesta importante zona residencial e comercial da cidade, ofrecendo unha programaci&oacute;n de calidade que dar&aacute; cabida &aacute; arte m&aacute;is actual.</p>",GaleriaMetro.jpg,España,-8.54626318, , ,492,Santiago de Compostela,"Rúa do Xeneral Pardiñas, 12-16, L14",4762010.39380610,2010-03-04T12:07:00,42.87542591,46947.36904695,2020-06-12T09:41:00,http://www.santiagoturismo.com/galerias-de-arte/metro-arte-contemporaneo
17,10,15705,Parque da Alameda - Paseo da Ferradura,parque-da-alameda-paseo-da-ferradura,2010-03-04T12:42:00,"<p>O miradoiro urbano m&aacute;is co&ntilde;ecido e admirado &eacute; o do Paseo da Ferradura, situado no parque da Alameda, na aba leste do outeiro de Santa Susana. Desde al&iacute;, unha espectacular visi&oacute;n frontal da catedral sobresa&iacute;ndo magn&iacute;fica entre a masa de edificios hist&oacute;ricos: &eacute; a postal m&aacute;is retratada, a imaxe m&aacute;is atemporal da cidade. Recomendado a calquera hora do d&iacute;a, este miradoiro &eacute; imprescindible pola noite para entender verdadeiramente por qu&eacute; a catedral foi e ser&aacute; un ""faro"" espiritual.</p> <p>+info: <a href=""http://www.parquealamedasantiago.com/"">www.parquealamedasantiago.com</a></p>","<p>O miradoiro urbano m&aacute;is co&ntilde;ecido e admirado &eacute; o do Paseo da Ferradura, situado no parque da Alameda, na aba leste do outeiro de Santa Susana.</p>",2020/08/PanormicaCatedralDiurnadesdeaAlamedaAfonsoSestelo08.jpg,España,-8.54822950, , ,508,Santiago de Compostela,Paseo dos Leóns,4762319.06881569,2010-03-04T12:10:00,42.87810900,46806.41185706,2020-08-18T11:44:00,http://www.santiagoturismo.com/miradoiros/parque-da-alameda-paseo-da-ferradura
18,25,15898,Monte Pedroso,monte-pedroso,2010-03-04T12:42:00,"<p>O Monte Pedroso, en po&ntilde;ente, &eacute; o m&aacute;is emblem&aacute;tico da cidade. Protexido desde hai anos da construci&oacute;n para que ning&uacute;n edificio poida competir nunca en altura nin en visibilidade con la bas&iacute;lica do Ap&oacute;stolo, &eacute; o miradoiro por excelencia para descubrir &aacute; cidade tapizando a paisaxe e &aacute; catedral enfront&aacute;ndose ao ocaso. Calquera momento &eacute; bo para subir al&iacute;, pero ao atardecer &eacute; especial, porque &eacute; ent&oacute;n cando se reflicten sobre o templo as &uacute;ltimos raiolas douradas da tarde.</p> <p>Desde a cidade, acc&eacute;dese &aacute; cima do Pedroso nun paseo duns 40 minutos que sae desde Ponte As&eacute;n, no parque de Galeras, e cruza a aldea de Casas Novas, para continuar polo sendeiro ascendente marcado polo v&iacute;a crucis. Para chegar al&iacute; en coche, c&oacute;llese a estrada que comeza no Carme de Abaixo e despois o desv&iacute;o a man dereita, seguindo as indicaci&oacute;ns dos repetidores de televisi&oacute;n.</p>","<p>O Monte Pedroso, en po&ntilde;ente, &eacute; o m&aacute;is emblem&aacute;tico da cidade.</p>",2020/08/PanormicaCompostelanocturnaPedrosoAfonsoSestelo05.jpg,España,-8.56488481, , ,515,Santiago de Compostela,Carretera do Pedroso ,4764627.69860722,2010-03-04T12:10:00,42.89808012,45592.76362274,2020-08-18T11:48:00,http://www.santiagoturismo.com/miradoiros/monte-pedroso
19,3,15704,Museo das Peregrinacións e de Santiago,museo-da-cidade-e-das-peregrinacions,2012-05-18T12:11:00,"<p>O Museo das Peregrinaci&oacute;ns e de Santiago ocupa o edificio do antigo Banco de Espa&ntilde;a, dese&ntilde;ado polo arquitecto Romualdo Madariaga C&eacute;spedes e constru&iacute;do en 1939 na parcela das casas de Espinosa. Enc&oacute;ntrase na Praza de Prater&iacute;as, a poucos metros da fachada sur da Catedral. Na s&uacute;a planta baixa &aacute;brense 5 arcos sobre columnas que forman soportais.</p> <p>O edificio do Banco de Espa&ntilde;a constru&iacute;use en 1949, a&iacute;nda que a actividade deste organismo en Compostela se iniciara moitos anos antes, en 1886. En decembro de 2004, a oficina pechaba as s&uacute;as portas.<br /><br />A profunda remodelaci&oacute;n que sufriu o edificio para acoller o Museo das Peregrinaci&oacute;ns e de Santiago corresponde a Manuel Gallego Jorreto (O Carballi&ntilde;o, 1936), un dos arquitectos galegos de maior prestixio. En 2010 foi galardoado coa Medalla de Ouro da Arquitectura. Dese&ntilde;ou, entre outros edificios, a residencia do presidente da Xunta de Galicia ou o Concello da Illa de Arousa.</p> <p>Cos seus case 3.500 metros cadrados de superficie constru&iacute;da, que fose sede do Banco de Espa&ntilde;a na cidade forma parte, desde xullo de 2012, do complexo muse&iacute;stico xunto coa <a href=""http://www.santiagoturismo.com/monumentos/casa-do-cabido-2"">Casa do Cabido</a>. Dende o gran lucernario da segunda planta pode contemplarse a bas&iacute;lica compostel&aacute; coa s&uacute;a impresionante torre da Berenguela e gran parte do casco hist&oacute;rico.</p> <p>&nbsp;</p>","<p>O museo amosa a transcendencia que as pregrinaci&oacute;ns a Santiago tiveron para a cultura europea e americana, a trav&eacute;s de diversas s&aacute;s tem&aacute;ticas nas que se exhiben representaci&oacute;ns do Ap&oacute;stolo Santiago, obxectos de peregrinos de todas as &eacute;pocas e outros tesouros relacionados co culto xacobo. Desde o grande lucernario da segunda planta p&oacute;dese contemplar a bas&iacute;lica compostel&aacute;, a torre da Berenguela e grande parte do casco hist&oacute;rico.&nbsp;</p>",2015/03/20150306121204_Master33033.jpg,España,-8.54412702, , ,39623,Santiago de Compostela,Praza de Praterías,4762502.61580102,2012-05-18T12:05:00,42.87996063,47155.17571118,2020-06-27T12:31:00,http://www.santiagoturismo.com/museos/museo-da-cidade-e-das-peregrinacions
20,5,15702,Museo Centro Gaiás,museo-centro-gaias,2012-06-04T11:31:00,"<p>Cunha superficie expositiva de 6.600 metros cadrados, dividida en tres plantas, acolle exposici&oacute;ns temporais de fondo calado, o cal ofrece a posibilidade de amosar instalaci&oacute;ns que pola s&uacute;a envergadura non poder&iacute;an exhibirse noutros centros culturais de Galicia. Ademais das exposici&oacute;ns, o Museo desprega unha oferta de actividades formativas e de divulgaci&oacute;n que o convirten nun centro activo e en continua renovaci&oacute;n.<br /><br />Este edificio, que est&aacute; conectado aos grandes circu&iacute;tos internacionais, conta cun programa de Visitas guiadas &aacute; obra finalizada, no que poder gozar do espazo como unha obra de arte en si mesma. <br /><br />A espectacularidade da s&uacute;a fachada, os case 43 metros de altura e os seus m&aacute;is de 16.000 m2 de superficie fan do Museo un dos edificios m&aacute;is singulares e con m&aacute;is posibilidades de uso da Cidade da Cultura de Galicia.</p>",<p>Referente arquitect&oacute;nico do novo s&eacute;culo. O museo acolle grandes exposici&oacute;ns temporais.&nbsp;</p>,2015/03/exteriornocturnomojado.jpg,España,-8.52816836, , ,39804,Santiago de Compostela,Cidade da Cultura,4761428.75161710,2012-06-04T11:25:00,42.87106789,48393.92131315,2020-05-25T12:40:00,http://www.santiagoturismo.com/museos/museo-centro-gaias
21,6,15704,Mosteiro e Igrexa de San Martiño Pinario,monasterio-e-iglesia-de-san-martino-pinario-6,2015-03-09T13:02:44,"<p><a href=""http://www.santiagoturismo.com/monumentos/mosteiro-e-igrexa-de-san-martino-pinario"" target=""_blank"">San Marti&ntilde;o Pinario</a> foi o m&aacute;is influ&iacute;nte e grande dos mosteiros beneditinos de Galiza, e o segundo en tama&ntilde;o de toda Espa&ntilde;a tras o do Escorial.<br /><br />O seu museo incl&uacute;e a visita &aacute; igrexa, que destaca entre todas as da cidade polo seu impresionante baldaquino e polo cadeirado dos seus coros (o do coro alto &eacute; renacentista do s. XVII e pertenceu &aacute; Catedral).<br /><br />Ademais, en varias salas distintas exh&iacute;bese a s&uacute;a colecci&oacute;n de pintura, escultura, ourivar&iacute;a, restos arqueol&oacute;xicos, etc., as&iacute; como obxectos que falan do d&iacute;a a d&iacute;a dos monxes que o habitaron: a s&uacute;a imprenta, a botica, e o antigo gabinete de historia natural do mosteiro.</p>","<p>Destacan os fabulosos retablos barrocos, as siller&iacute;as do coro, unha delas procedente da Catedral, e a colecci&oacute;n, con interesantes esculturas, obxectos lit&uacute;rxicos, gravados e outras pezas de grande valor.</p>",2018/09/0065.jpg,España,-8.54370147, , ,60453,Santiago de Compostela,Plaza de San Martiño,4762760.75006577,2015-03-09T12:43:00,42.88230500,47207.14348999,2020-01-09T14:49:00,http://www.santiagoturismo.com/museos/monasterio-e-iglesia-de-san-martino-pinario-6
22,7,15705,Museo-Fundación Eugenio Granell,museo-fundacion-eugenio-granell,2010-03-04T12:42:00,"<p>A Fundaci&oacute;n Eugenio Granell inicia a s&uacute;a andaina en 1995 trala sinatura dun convenio entre o artista surrealista Eugenio Granell e o Concello de Santiago. Con sede no Pazo de Benda&ntilde;a, na c&eacute;ntrica praza compostel&aacute; do Toural, a Fundaci&oacute;n alberga obras do propio artista, as s&uacute;as colecci&oacute;ns surrealista e &eacute;tnica e, a partir do ano 1997 as obras doadas polo artista surrealista ingl&eacute;s Philip West, quen tam&eacute;n nos legou a s&uacute;a colecci&oacute;n de libros surrealistas. <br /><br />O fin primordial da Fundaci&oacute;n &eacute; a difusi&oacute;n do conxunto da obra de Granell e o fomento do estudio do surrealismo e de correntes af&iacute;ns. No primeiro andar do pazo, formado por tres salas, exp&oacute;&ntilde;ense con car&aacute;cter temporal fondos da Fundaci&oacute;n que, por falta de espacio, non poden estar expostos durante todo o ano. <br />A segunda planta ten tam&eacute;n outras tres salas dedicadas a exposici&oacute;ns temporais. Desde o inicio ofrec&eacute;ronse ao p&uacute;blico exposici&oacute;ns de artistas tan importantes como Man Ray, Max Ernst, Esteban Frances, Gordon Onslow Ford, Jos&eacute; Hern&aacute;ndez e artistas galegos como Xes&uacute;s Carballido ou Paco Pestana. <br /><br />Ademais desta actividade relacionada estrictamente co mundo da arte, &eacute; desexo da Fundaci&oacute;n converterse nun lugar de creaci&oacute;n e promoci&oacute;n cultural. As&iacute;, a trav&eacute;s do Departamento Pedag&oacute;xico organiza obradoiros, visitas guiadas e actividades para escolares e colectivos de todas as idades que o soliciten; conta ademais cos Amigos Infant&iacute;s e Xuven&iacute;s, aos que se lles ofrece unha programaci&oacute;n especial cada mes. <br />O Departamento Cultural organiza outra serie de actividades entre as que se atopan concertos, teatro, recitais de poes&iacute;a, conferencias...</p> <p>A Fundaci&oacute;n disp&oacute;n dunha tenda e dunha biblioteca especializada en surrealismo. Calquera persoa ou entidade pode colaborar a trav&eacute;s de Amigos da Fundaci&oacute;n.</p>","<p>A trav&eacute;s da obra e do legado que Granell deixou, a s&uacute;a fundaci&oacute;n mant&eacute;n viva a esencia das diferentes formas de expresi&oacute;n surrealista.</p>",2015/03/0502.jpg,España,-8.54494183, , ,4,Santiago de Compostela,Praza do Toural 8,4762232.73317316,2010-03-04T12:10:00,42.87749159,47070.48789013,2020-07-02T16:22:00,http://www.santiagoturismo.com/museos/museo-fundacion-eugenio-granell
23,9,15782,Casa de la Troya,casa-da-troia,2010-03-04T12:42:00,"<p><strong>&nbsp;</strong>Este museo recrea o ambiente estudiantil da afamada pensi&oacute;n rexentada por dona Generosa en Santiago de Compostela a finais do s&eacute;culo XIX, e inmortalizada polo escritor Alejandro P&eacute;rez Lug&iacute;n na s&uacute;a novela La Casa de la Troya.</p> <p>&Eacute; unha t&iacute;pica construcci&oacute;n do casco antigo da cidade, edificada a mediados do s&eacute;culo XVIII e decorada ao gusto daquela &eacute;poca. Consta de tres plantas e dun pequeno &aacute;tico que remata a casa. A entrada est&aacute; formada por un <strong>vest&iacute;bulo</strong> ou zona de paso e desde este lugar a casa div&iacute;dese en d&uacute;as zonas ben diferenciadas: a vivenda propiamente dita e as <strong>cuadras dos cabalos</strong>.</p> <p>Entrando na pensi&oacute;n podemos ver a <strong>sala de respecto</strong>, con lembranzas do escritor, e o <strong>comedor</strong>, onde est&aacute;n expostas fotograf&iacute;as e obxectos relacionados cos personaxes do libro. No segundo piso, os <strong>dormitorios</strong>, tanto do colectivo como do individual. E no &aacute;tico, a <strong>coci&ntilde;a</strong> e un <strong>pequeno cuarto</strong> anexo, pertencente &aacute; patroa.</p> <p><span><strong><br /></strong></span></p> <p><strong>&nbsp;</strong></p> <p>&nbsp;</p> <p>&nbsp;</p>","<p>Esta casa-museo reproduce o ambiende dunha pensi&oacute;n estudiantil de finais do s&eacute;c. XIX, sendo o seu referente literario a pensi&oacute;n da novela <em>La Casa de la Troya</em>, de P&eacute;rez Lug&iacute;n.&nbsp;</p>",museocasadatroia.JPG,España,-8.54324850, , ,10,Santiago de Compostela,"Rúa da Troia, 5",4762666.80309567,2010-03-04T12:10:00,42.88148130,47238.10600461,2020-10-05T12:21:00,http://www.santiagoturismo.com/museos/casa-da-troia
24,13,15705,Museo de Historia Natural da Universidade de Santiago,museo-de-historia-natural-1,2010-03-04T12:42:00,"<p>As <a href=""http://www.santiagoturismo.com/arquitecturas-de-autor/museo-de-historia-natural-luis-iglesias"" target=""_blank"">instalaci&oacute;ns</a> do Museo de Historial Natural no <a href=""http://www.santiagoturismo.com/parques-e-xardins/parque-de-vista-alegre-finca-simeon"" target=""_blank"">parque de Vista Alegre</a> po&ntilde;en ao alcance do p&uacute;blico xeral un conxunto patrimonial que se remonta ao s&eacute;culo XIX con pezas singulares de gran valor para o estudo e a divulgaci&oacute;n da biodiversidade e o medio ambiente.<br /><br />Os principais espazos das novas instalaci&oacute;ns agr&uacute;panse en torno aos conceptos de Biodiversidade e Biodiversidade Terrestre, na planta baixa, e dos apartados dedicados a Xeodiversidade e Solo e Biodiversidade Mari&ntilde;a na primeira planta. As&iacute;, desde un &aacute;mbito multimedia, a exposici&oacute;n permanente do MHN &eacute; un singular percorrido por ecosistemas de augas continentais e bosques galegos ou pola xeodiversidade con mostras de minerais, pedras preciosas e semipreciosas, rocas, f&oacute;siles e meteoritos. Tam&eacute;n ten o seu propio espazo a biodiversidade mari&ntilde;a, as algas, os invertebrados, os peixes ou ecosistemas do litoral galego, e outros m&aacute;is afastados como a selva sudamericana ou a sabana africana.<br /><br />Ademais m&oacute;strase por vez primeira en Espa&ntilde;a unha sala dedicada ao solo, cunha reproduci&oacute;n a escala dun fragmento de terreo cortado en secci&oacute;n de modo que se poden apreciar distintos elementos que inciden na s&uacute;a conformaci&oacute;n ou a s&uacute;a relaci&oacute;n coa fauna e a flora.<br /><br />Cada un dos temas abordados m&oacute;strase ante o visitante cunha reproduci&oacute;n fiel que representa o ecosistema en cuesti&oacute;n e os seus protagonistas, con apoio das explicaci&oacute;ns oportunas en distintos formatos, para que a visita sexa unha experiencia interactiva que require da actitude participativa de quen a visita. O grao de reproduci&oacute;n da vida real alcanzado aspira a reflectir o medio natural e trasladar ao visitante ao contexto real do que se lle exp&oacute;n.</p> <p>&nbsp;</p>","<p>Exp&oacute;n colecci&oacute;ns de zoolox&iacute;a, bot&aacute;nica e xeolox&iacute;a, con exemplares procedentes de Galicia e de outros puntos do planteta. Destaca a colecci&oacute;n Ha&uuml;y, que ilustra o inicio dos estudos cristalogr&aacute;ficos.</p>",2015/09/20150926172042.jpg,España,-8.54571819, , ,11,Santiago de Compostela,Parque de Vistalegre,4763297.18766694,2010-03-04T12:10:00,42.88703598,47077.11293512,2020-09-01T13:36:00,http://www.santiagoturismo.com/museos/museo-de-historia-natural-1
25,15,15782,Colección do Colexio Médico,museo-do-colexio-medico,2010-03-04T12:42:00,"<p>Localizado na Facultade de Medicina de Santiago, este pequeno museo monogr&aacute;fico am&oacute;sanos nas s&uacute;as vitrinas o antigo instrumental utilizado na especialidade m&eacute;dica de anestesiolox&iacute;a.</p> <p>A maior&iacute;a dos seus fondos son froito de doaz&oacute;ns que ao longo dos anos realizaron prestixiosos m&eacute;dicos tanto galegos como compostel&aacute;ns. Nalgunhas vitrinas m&oacute;stranse unha serie de gravados da &eacute;poca nos que se pode ver c&oacute;mo se utilizaba este instrumental, as&iacute; como as fotograf&iacute;as de prestixiosos doutores galegos.<br /><br /><br /><br /><br /><br /><br /><br /></p>","<p>Localizado na Facultade de Medicina de Santiago, este pequeno museo monogr&aacute;fico am&oacute;sanos nas s&uacute;as vitrinas o antigo instrumental utilizado na especialidade m&eacute;dica de anestesiolox&iacute;a.</p>",2015/03/FacultaddeMedicinadeSantiagodeCompostela.JPG,España,-8.54557281, , ,12,Santiago de Compostela,"Facultade de Medicina, Rúa de San Francisco",4762794.64430358,2010-03-04T12:10:00,42.88251920,47055.83534126,2017-03-07T15:22:00,http://www.santiagoturismo.com/museos/museo-do-colexio-medico
26,8,15705,Parque da Finca do Espiño,parque-de-la-finca-do-espino,2014-08-14T12:08:57,"<p>Os 18.000 metros cadrados da Finca do Espi&ntilde;o atesouran unha importante riqueza bot&aacute;nica e zool&oacute;xica. Neste parque, inaugurado en agosto de 2014, poden contemplarse camelios de m&aacute;is de 80 anos, as&iacute; como unha carballeira con 250 exemplares &mdash;alg&uacute;ns con m&aacute;is dun s&eacute;culo de antig&uuml;idade&mdash;, 100 acivros, unha picea de Noruega e unha grande araucaria. Casta&ntilde;os, magnolios, numerosos arbustos e plantas florais completan, xunto &aacute;s ru&iacute;nas dun palacete de estilo neog&oacute;tico, os atractivos deste espazo recuperado.<br /><br />O parque conta ademais cunha zona lacustre &mdash;recicla a auga da chuvia para abastecer o sistema de rego&mdash; e merendeiros.<br /><br /><em>Horario de apertura</em><br />- Ver&aacute;n (abril-setembro): De 8:00 a 23:00 h.<br />- Inverno (outubro-marzo): De 8:00 a 20:00 h.</p>","<p>Os 18.000 metros cadrados da Finca do Espi&ntilde;o atesouran unha importante riqueza bot&aacute;nica e zool&oacute;xica. Neste parque, inaugurado en agosto de 2014, poden contemplarse camelios de m&aacute;is de 80 anos, as&iacute; como unha carballeira con 250 exemplares &mdash;alg&uacute;ns con m&aacute;is dun s&eacute;culo de antig&uuml;idade&mdash;, 100 acivros, unha picea de Noruega e unha grande araucaria. Casta&ntilde;os, magnolios, numerosos arbustos e plantas florais completan, xunto &aacute;s ru&iacute;nas dun palacete de estilo neog&oacute;tico, os atractivos deste espazo recuperado.</p>",2020/05/SDI0570.jpg,España,-8.55076924, , ,58087,Santiago de Compostela,Finca do Espiño ,4762836.69682693,2014-08-14T12:01:00,42.88264514,46632.23619251,2020-05-25T12:44:00,http://www.santiagoturismo.com/parques-e-xardins/parque-de-la-finca-do-espino
27,0,15782,Centro Abanca Obra Social,centro-abanca-obra-social,2010-10-08T13:46:00,"<p><span>Situado nun edificio de finais do s&eacute;culo XIX, na c&eacute;ntrica <span class=""unknown"">Praza de Cervantes</span>, disp&oacute;n de tres salas de exposici&oacute;ns. Alberga a primeira exposici&oacute;n permanente de arte  galega en Compostela.</span></p>", ,2015/03/abancacervantes.jpg,España,-8.54256060, , ,32760,Santiago de Compostela,"Praza de Cervantes, s/n",4762626.98832708,2010-10-08T13:31:00,42.88115630,47291.92111094,2016-05-19T11:56:00,http://www.santiagoturismo.com/salas-de-exposicions/centro-abanca-obra-social
28,0,15782,Casa do Cabido,casa-do-cabido-4,2012-07-31T13:34:00,"<p>Con s&oacute; catro metros de profundidade e unha finalidade puramente  escenogr&aacute;fica na s&uacute;a concepci&oacute;n (como cerramento da Praza de Prater&iacute;as),  a Casa do Cabido &eacute; un dos edificios m&aacute;is singulares do casco hist&oacute;rico  compostel&aacute;n. Foi dese&ntilde;ada polo arquitecto Clemente Fern&aacute;ndez Sarela en  1758. &Eacute; un dos m&aacute;is fermosos exemplos de arquitectura barroca de toda a  comunidade galega.<br /><br />A Casa do Cabido foi restaurada polo Consorcio  de Santiago no ano 2011 e dende ent&oacute;n forma parte da rede de museos da  cidade hist&oacute;rica.</p> <p>Ver tam&eacute;n:</p> <p><a href=""http://www.santiagoturismo.com/museos/museo-da-cidade-e-das-peregrinacions"">Museo das Peregrinaci&oacute;ns e de Santiago (Banco de Espa&ntilde;a)</a></p> <p><a href=""http://www.santiagoturismo.com/museos/museo-das-peregrinacions"">Museo das Peregrinaciones (Casa G&oacute;tica)</a></p>", ,20120731133414_CasaCabido2.jpg,España,-8.54426820, , ,40320,Santiago de Compostela,"Plaza de las Platerías, 2",4762508.87316315,2012-07-31T13:22:00,42.88001010,47144.00447536,2012-10-25T12:22:00,http://www.santiagoturismo.com/salas-de-exposicions/casa-do-cabido-4
29,0,15782,Espacio de Arte Grupo Correo Gallego,espacio-de-arte-grupo-correo-gallego,2012-11-02T17:28:00,"<p>Inaugurado en xu&ntilde;o de 2001, o Espacio de Arte do Grupo Correo Galego acolle diversas exposici&oacute;ns e mostras de car&aacute;cter temporal, de todas as vertentes art&iacute;sticas, cuxo obxectivo primordial &eacute; homenaxear tanto aos valores consagrados coma &aacute;s xeraci&oacute;ns emerxentes. Polo Espazo, que busca a confluencia entre a arte, a empresa xornal&iacute;stica e os lectores, te&ntilde;en pasado m&aacute;is de medio centenar de artistas.<br /><br />Comisariado por Piar Corredoira, nas instalaci&oacute;ns colgouse a obra de autores de reco&ntilde;ecido prestixio como Quintana Martelo, Alfonso Costa, Acisclo Manzano, Jos&eacute; Mar&iacute;a Barreiro, Jorge Peteiro, Vari Caram&eacute;s ou Antonio Garc&iacute;a Pati&ntilde;o, entre outros moitos.<br /><br />A sala converteuse, ademais, nunha ponte que permite achegar &aacute; cidadan&iacute;a o labor do Grupo e as s&uacute;as contribuci&oacute;ns ao desenvolvemento social.</p>","<p>Inaugurado en xu&ntilde;o de 2001, o Espacio de Arte do Grupo Correo Galego  acolle diversas exposici&oacute;ns e mostras de car&aacute;cter temporal, de todas as  vertentes art&iacute;sticas, cuxo obxectivo primordial &eacute; homenaxear tanto aos  valores consagrados coma &aacute;s xeraci&oacute;ns emerxentes. Polo Espazo, que busca  a confluencia entre a arte, a empresa xornal&iacute;stica e os lectores, te&ntilde;en  pasado m&aacute;is de medio centenar de artistas.</p>",2015/03/elcorreogallego.JPG,España,-8.54224560, , ,48864,Santiago de Compostela,"Rúa do Preguntoiro, 29",4762522.82179583,2012-11-02T17:20:00,42.88023390,47310.88982106,2015-03-10T09:50:00,http://www.santiagoturismo.com/salas-de-exposicions/espacio-de-arte-grupo-correo-gallego
30,0,15703,Igrexa da Compañía (Universidade),igrexa-da-compania-universidade,2010-03-12T09:55:00,"<p>Atesoura valiosos retablos barrocos no seu interior, entre os que destaca o retablo maior, de Sim&oacute;n Rodr&iacute;guez. &Uacute;sase activamente como sala de exposici&oacute;ns organizadas pola Universidade.</p>", ,RetablodelaiglesiadelaUniversidad.jpg,España,-8.54244260, , ,20102,Santiago de Compostela,Praza da Universidade,4762315.51744445,2010-10-28T13:50:00,42.87835820,47281.03666859,2015-03-09T15:47:00,http://www.santiagoturismo.com/salas-de-exposicions/igrexa-da-compania-universidade
